date,price
07/08/2015,2.83162
08/08/2015,1.33075
10/08/2015,0.6875857090838133
11/08/2015,1.067378879429946
12/08/2015,1.256613175101658
13/08/2015,1.825395446319752
14/08/2015,1.825974891355639
15/08/2015,1.670949668937766
16/08/2015,1.476607254205028
17/08/2015,1.20387143115441
18/08/2015,1.281393051659975
19/08/2015,1.252738651679077
20/08/2015,1.484195074171873
21/08/2015,1.40631477379752
22/08/2015,1.380721536476638
23/08/2015,1.355182100454404
24/08/2015,1.24657168269902
25/08/2015,1.160828327907264
26/08/2015,1.119639156482987
27/08/2015,1.133690694008804
28/08/2015,1.188895698722608
29/08/2015,1.174343905252208
30/08/2015,1.322350879918967
31/08/2015,1.353368417391325
01/09/2015,1.350786688734447
02/09/2015,1.278810765308764
03/09/2015,1.262770719520856
04/09/2015,1.269520099878085
05/09/2015,1.334976229386974
06/09/2015,1.29888313413515
07/09/2015,1.256223439965584
08/09/2015,1.236033260936938
09/09/2015,1.206529945086729
10/09/2015,1.167234841402144
11/09/2015,0.9765090926915041
12/09/2015,1.038203585306107
13/09/2015,0.9386521502557871
14/09/2015,0.87402296242848
15/09/2015,0.9418231857274298
16/09/2015,0.9032199195724051
17/09/2015,0.8830787289063511
18/09/2015,0.8460709193872474
19/09/2015,0.8821037996855977
20/09/2015,0.9363277614869444
21/09/2015,0.9010928790890973
22/09/2015,0.8971422650551497
23/09/2015,0.8940475222994914
24/09/2015,0.8160373080893036
25/09/2015,0.7405192998515878
26/09/2015,0.7778014991497727
27/09/2015,0.7213584231130563
28/09/2015,0.5830570046974366
29/09/2015,0.657832489515796
30/09/2015,0.7347630535971914
01/10/2015,0.6858121897138929
02/10/2015,0.6762217338750541
03/10/2015,0.6874757575411915
04/10/2015,0.6675468579375702
05/10/2015,0.6282550742429386
06/10/2015,0.64565776230867
07/10/2015,0.6100126973575233
08/10/2015,0.6234833021554507
09/10/2015,0.650768764684828
10/10/2015,0.6297949417268295
11/10/2015,0.6370439806918999
12/10/2015,0.628787281832734
13/10/2015,0.6026272723327593
14/10/2015,0.517689435598842
15/10/2015,0.5614990042588522
16/10/2015,0.5331480200007419
17/10/2015,0.5490283089973744
18/10/2015,0.5184445473595721
19/10/2015,0.4870672984193326
20/10/2015,0.4329785990312485
21/10/2015,0.4397689744048958
22/10/2015,0.5654615066780281
23/10/2015,0.540737766800056
24/10/2015,0.5685737685118122
25/10/2015,0.6319388092249569
26/10/2015,0.7439579097275092
27/10/2015,0.8544552504832845
28/10/2015,1.010409721259424
29/10/2015,1.163748635576317
30/10/2015,1.041849054896385
31/10/2015,0.9070916284167455
01/11/2015,1.058541941291151
02/11/2015,0.9550458603200441
03/11/2015,1.002344802929553
04/11/2015,0.9018086605486009
05/11/2015,0.906601136813436
06/11/2015,0.9094421987209234
07/11/2015,0.922482091197951
08/11/2015,1.030499514179018
09/11/2015,0.9958029845225516
10/11/2015,0.9348342219016499
11/11/2015,0.7887611772679245
12/11/2015,0.90074206650109
13/11/2015,0.9040815579448993
14/11/2015,0.8842289054037304
15/11/2015,0.9108255481961639
16/11/2015,0.9338407839578461
17/11/2015,0.9952733578828389
18/11/2015,0.9944285799213992
19/11/2015,0.9514712892422663
20/11/2015,0.9268031189591781
21/11/2015,0.9735724342696529
22/11/2015,0.96473853235469
23/11/2015,0.9452203362307195
24/11/2015,0.8993611354663962
25/11/2015,0.8677070917677269
26/11/2015,0.8948747707881739
27/11/2015,0.8707128002545287
28/11/2015,0.9173987754375574
29/11/2015,0.8717449537893333
30/11/2015,0.8736009320890139
01/12/2015,0.8750039976447704
02/12/2015,0.8227337811375524
03/12/2015,0.8247651888810106
04/12/2015,0.8387909512811372
05/12/2015,0.8645837297560469
06/12/2015,0.8349924869606098
07/12/2015,0.8007502839259887
08/12/2015,0.8188527088752511
09/12/2015,0.7918293483107267
10/12/2015,0.8474422420390545
11/12/2015,0.9167389424445134
12/12/2015,0.9712583097472548
13/12/2015,0.9583031735578238
14/12/2015,0.9954898346339888
15/12/2015,1.0170637001075
16/12/2015,0.9889124423815733
17/12/2015,0.9402283251940493
18/12/2015,0.9211717831099321
19/12/2015,0.9096329169325174
20/12/2015,0.9032316429089903
21/12/2015,0.8968062870238118
22/12/2015,0.8789593130596947
23/12/2015,0.8675654552724993
24/12/2015,0.861363016488459
25/12/2015,0.8707183439745884
26/12/2015,0.8530178649009634
27/12/2015,0.8588870868776094
28/12/2015,0.8421696130307879
29/12/2015,0.8694878107781919
30/12/2015,0.9003543017405369
31/12/2015,0.9365399677803522
01/01/2016,0.9463133430749894
02/01/2016,0.9381261621726148
03/01/2016,0.9721969755035614
04/01/2016,0.9592978352147374
05/01/2016,0.9531022411427653
06/01/2016,0.9684340117908705
07/01/2016,0.9589767803876823
08/01/2016,0.9955747811931686
09/01/2016,1.02478096778813
10/01/2016,1.01996585607406
11/01/2016,1.068726621062779
12/01/2016,1.167362900827917
13/01/2016,1.12958834642001
14/01/2016,1.157377553252501
15/01/2016,1.21073546288485
16/01/2016,1.215691295024754
17/01/2016,1.321855711753408
18/01/2016,1.39830112692888
19/01/2016,1.3769900190471
20/01/2016,1.565411904541257
21/01/2016,1.544691862235827
22/01/2016,1.471341822504971
23/01/2016,1.692156284936261
24/01/2016,2.131691495370684
25/01/2016,2.48139608647395
26/01/2016,2.086782726986503
27/01/2016,2.384501158704437
28/01/2016,2.519719734523484
29/01/2016,2.486203232055895
30/01/2016,2.437601273512591
31/01/2016,2.298766557449123
01/02/2016,2.221883059355513
02/02/2016,2.403111855327034
03/02/2016,2.515949933456795
04/02/2016,2.557178944302694
05/02/2016,2.532878565491474
06/02/2016,2.517776369343559
07/02/2016,2.950776113177157
08/02/2016,3.165335693696386
09/02/2016,3.720453286688504
10/02/2016,4.427431437703359
11/02/2016,6.005000308112697
12/02/2016,5.475649283683189
13/02/2016,5.373284921940013
14/02/2016,5.169512436402438
15/02/2016,5.319058286377442
16/02/2016,4.368970122064963
17/02/2016,3.744022470740231
18/02/2016,4.397939042003922
19/02/2016,4.493895382965731
20/02/2016,4.301875677560981
21/02/2016,4.653970273276003
22/02/2016,5.608714257576696
23/02/2016,5.612091439849516
24/02/2016,6.134381259039694
25/02/2016,5.93625743323269
26/02/2016,5.897351626440898
27/02/2016,6.357091762158404
28/02/2016,6.440650848847282
29/02/2016,6.312028458049726
01/03/2016,7.560157049617909
02/03/2016,8.398318163034869
03/03/2016,9.504937042998197
04/03/2016,10.03776475108964
05/03/2016,10.93519773927983
06/03/2016,10.96466178163567
07/03/2016,9.397469868813554
08/03/2016,9.800690787314164
09/03/2016,11.97157975649351
10/03/2016,11.2064229700308
11/03/2016,11.20893669288255
12/03/2016,13.37620667356022
13/03/2016,14.89359978457807
14/03/2016,12.28982460670519
15/03/2016,12.966897673599
16/03/2016,12.52943314528079
17/03/2016,10.956232214701
18/03/2016,10.79765033887468
19/03/2016,10.43953586817164
20/03/2016,10.21749097388716
21/03/2016,11.85112269425594
22/03/2016,11.31742767517068
23/03/2016,12.40319150724304
24/03/2016,11.12762218636002
25/03/2016,10.64069143211582
26/03/2016,10.96552244468764
27/03/2016,10.37751681820161
28/03/2016,11.67625154039094
29/03/2016,11.73817083046575
30/03/2016,11.88228675953419
31/03/2016,11.35463054290018
01/04/2016,11.63607180334684
02/04/2016,11.5639776320382
03/04/2016,11.51238012010477
04/04/2016,11.18688123888369
05/04/2016,10.41948468988903
06/04/2016,10.66622342007389
07/04/2016,10.0295684039377
08/04/2016,9.758944911021473
09/04/2016,9.899719595415823
10/04/2016,8.814617175830122
11/04/2016,8.66829211893249
12/04/2016,7.51681223420342
13/04/2016,8.015604593105122
14/04/2016,8.43365602127963
15/04/2016,8.20613745870167
16/04/2016,8.555981966976974
17/04/2016,9.323170276346234
18/04/2016,8.960482405053712
19/04/2016,8.696773038727313
20/04/2016,8.484150722584234
21/04/2016,8.11104074507033
22/04/2016,7.855106665179344
23/04/2016,8.377192623957283
24/04/2016,7.995361207240304
25/04/2016,7.812751656077315
26/04/2016,7.424663266229029
27/04/2016,7.724694549946334
28/04/2016,7.250216005225782
29/04/2016,7.47581760975781
30/04/2016,8.892970091837213
01/05/2016,8.832454372832895
02/05/2016,10.10782116866719
03/05/2016,9.285335810954495
04/05/2016,9.414136136064808
05/05/2016,9.827130178456441
06/05/2016,9.277042146778028
07/05/2016,9.381202893584621
08/05/2016,9.52920206226682
09/05/2016,9.353276545574158
10/05/2016,9.350283703928604
11/05/2016,9.981302920467385
12/05/2016,10.091492287586432
13/05/2016,10.585661577212786
14/05/2016,10.176098567981153
15/05/2016,9.960446892869543
16/05/2016,11.1336459827202
17/05/2016,12.157137161266911
18/05/2016,13.35361430554958
19/05/2016,14.71832475600216
20/05/2016,13.69368343400459
21/05/2016,13.99924843857703
22/05/2016,14.248986066415835
23/05/2016,13.23503660198636
24/05/2016,12.66434299000911
25/05/2016,12.50426452924122
26/05/2016,12.498353409631168
27/05/2016,11.19174476153149
28/05/2016,11.76324560569715
29/05/2016,12.38905213533701
30/05/2016,12.67843106889236
31/05/2016,14.00927375901662
01/06/2016,13.857937834861247
02/06/2016,13.77433887468257
03/06/2016,13.8427358773047
04/06/2016,13.697394260187224
05/06/2016,13.970529067786634
06/06/2016,13.942005553967727
07/06/2016,14.549216948648322
08/06/2016,14.43177555298705
09/06/2016,14.44062374394472
10/06/2016,13.943733928604544
11/06/2016,13.960460970231287
12/06/2016,15.697007269686255
13/06/2016,17.55275028575095
14/06/2016,18.770374371361417
15/06/2016,18.421853687438038
16/06/2016,20.509400413759888
17/06/2016,15.397397817568129
18/06/2016,11.197136666677007
19/06/2016,12.23058702890821
20/06/2016,11.814834520499266
21/06/2016,12.984597875196858
22/06/2016,12.737756210638716
23/06/2016,13.676478995775716
24/06/2016,13.94189690132606
25/06/2016,14.276287720956573
26/06/2016,13.845029961871877
27/06/2016,13.932543491059052
28/06/2016,12.295660556232374
29/06/2016,12.800496100256193
30/06/2016,13.33562669996461
01/07/2016,12.329645963731734
02/07/2016,12.01798250397972
03/07/2016,11.825161030775883
04/07/2016,11.421738727166776
05/07/2016,10.540860504216047
06/07/2016,10.51055993812399
07/07/2016,10.098931265626275
08/07/2016,11.39547874677082
09/07/2016,10.99572234732321
10/07/2016,10.957294339543301
11/07/2016,10.515451706239658
12/07/2016,10.606193607117202
13/07/2016,10.489054686552203
14/07/2016,11.242970957141127
15/07/2016,11.32509705331988
16/07/2016,11.701716015155743
17/07/2016,11.314787410063753
18/07/2016,11.022556335862294
19/07/2016,11.582501423627564
20/07/2016,12.152788273478947
21/07/2016,12.605917129706976
22/07/2016,14.319877369541702
23/07/2016,14.389725342721574
24/07/2016,12.803851809790078
25/07/2016,13.816630680711038
26/07/2016,11.771641757280554
27/07/2016,12.96633340222508
28/07/2016,12.883149607897323
29/07/2016,12.840037637363167
30/07/2016,12.547081780784822
31/07/2016,11.868408414551208
01/08/2016,10.968397852276404
02/08/2016,8.352592747838974
03/08/2016,10.22174781589873
04/08/2016,11.032160216870203
05/08/2016,10.940014108153814
06/08/2016,10.898636348546457
07/08/2016,10.920308055489057
08/08/2016,11.245805121088916
09/08/2016,12.191218707659688
10/08/2016,12.141222798878122
11/08/2016,11.988140188861896
12/08/2016,11.973720126245913
13/08/2016,11.577472667681942
14/08/2016,11.25990352208696
15/08/2016,11.230807046622242
16/08/2016,10.25082244872534
17/08/2016,10.73534634440297
18/08/2016,10.724216809737694
19/08/2016,10.718344718920152
20/08/2016,11.262754476834717
21/08/2016,11.154044310153234
22/08/2016,11.061377388887204
23/08/2016,11.012543081655863
24/08/2016,11.013811994175523
25/08/2016,11.339127441192723
26/08/2016,11.256812662022648
27/08/2016,11.14950758737516
28/08/2016,10.91304107690759
29/08/2016,10.906290588906247
30/08/2016,11.210877311518441
31/08/2016,11.49662475092663
01/09/2016,12.002877477501157
02/09/2016,12.09104280233147
03/09/2016,11.797585220569804
04/09/2016,11.662579543984544
05/09/2016,11.751897477880805
06/09/2016,11.684755437748173
07/09/2016,11.550025415616256
08/09/2016,11.33639873415642
09/09/2016,11.63011682103449
10/09/2016,12.117830861883727
11/09/2016,11.59605624659764
12/09/2016,11.84714198083278
13/09/2016,11.881729455789054
14/09/2016,11.912008011075965
15/09/2016,11.901478405174705
16/09/2016,12.522369283417852
17/09/2016,12.68454280449742
18/09/2016,12.369052139120052
19/09/2016,13.160168063025644
20/09/2016,14.308046581659253
21/09/2016,13.705179799911743
22/09/2016,13.233802742993412
23/09/2016,13.318993324210759
24/09/2016,12.859605765847848
25/09/2016,13.045598643367276
26/09/2016,12.818746399021148
27/09/2016,13.074726797493888
28/09/2016,13.313989439262565
29/09/2016,13.09665700624727
30/09/2016,13.194818155480155
01/10/2016,13.269827224677638
02/10/2016,13.197909934562759
03/10/2016,13.470600090767412
04/10/2016,13.261962214071206
05/10/2016,13.056650848974803
06/10/2016,12.826128461125474
07/10/2016,12.655679278508105
08/10/2016,12.175874962913426
09/10/2016,12.029519227976937
10/10/2016,11.837832089591664
11/10/2016,11.750267273762638
12/10/2016,11.854687660404304
13/10/2016,11.96064220847878
14/10/2016,11.916089474549377
15/10/2016,11.944605165006873
16/10/2016,11.930313388885365
17/10/2016,11.974984398539725
18/10/2016,12.509511262679014
19/10/2016,11.973806158360992
20/10/2016,12.016522079125743
21/10/2016,12.090575972840435
22/10/2016,12.045038278304451
23/10/2016,11.933800410433603
24/10/2016,11.890535450541087
25/10/2016,11.272711525960538
26/10/2016,11.497257370206905
27/10/2016,11.456673402613983
28/10/2016,11.523584376027783
29/10/2016,10.336819684434698
30/10/2016,11.186557158904845
31/10/2016,10.88070260049341
01/11/2016,10.792187379279612
02/11/2016,10.783585401157607
03/11/2016,10.811630097854405
04/11/2016,11.129995658864795
05/11/2016,11.066058259923683
06/11/2016,10.920762843886132
07/11/2016,10.874200829423744
08/11/2016,10.890105501340495
09/11/2016,10.664918162834825
10/11/2016,10.519281388267027
11/11/2016,10.29308735231344
12/11/2016,9.664325241310054
13/11/2016,10.110719459728225
14/11/2016,9.991652804266907
15/11/2016,10.200083856801202
16/11/2016,10.025367620097992
17/11/2016,9.96397798540216
18/11/2016,9.453697368045109
19/11/2016,9.66730580728121
20/11/2016,9.530496491166998
21/11/2016,9.575907932522316
22/11/2016,9.81249150160966
23/11/2016,9.753493133033384
24/11/2016,9.180997416192705
25/11/2016,9.335116893823114
26/11/2016,9.288306186526965
27/11/2016,8.907402683417718
28/11/2016,8.70845246717361
29/11/2016,8.158494315710797
30/11/2016,8.650154047457612
01/12/2016,8.439785438702646
02/12/2016,7.637917965068979
03/12/2016,7.892622837022096
04/12/2016,7.469132189830329
05/12/2016,6.815609222087059
06/12/2016,7.631916157246792
07/12/2016,8.13507798254848
08/12/2016,8.302596338463099
09/12/2016,8.504900484563588
10/12/2016,8.098585501342257
11/12/2016,8.214985823104497
12/12/2016,8.472511708508414
13/12/2016,8.35100726243699
14/12/2016,8.207853104398847
15/12/2016,7.770357969755126
16/12/2016,7.796626831717168
17/12/2016,7.820282701062171
18/12/2016,7.856185612715422
19/12/2016,7.5922361645492975
20/12/2016,7.623783721340898
21/12/2016,7.856099400557245
22/12/2016,7.575643744053494
23/12/2016,7.201805732308588
24/12/2016,7.2227628476531995
25/12/2016,7.2132341590915585
26/12/2016,7.268475378158216
27/12/2016,7.171806594177698
28/12/2016,7.613307736356936
29/12/2016,8.172329056763505
30/12/2016,8.15378652716307
31/12/2016,8.010852235417396
01/01/2017,8.064789989459687
02/01/2017,8.361286160728705
03/01/2017,9.626792384988086
04/01/2017,10.972252853086058
05/01/2017,10.115254241883068
06/01/2017,10.154658304812745
07/01/2017,9.824278869463066
08/01/2017,10.267836701334787
09/01/2017,10.285955970375603
10/01/2017,10.523650713762722
11/01/2017,9.661693873756436
12/01/2017,9.66715894243992
13/01/2017,9.650805118856487
14/01/2017,9.695262751794939
15/01/2017,9.785923385543578
16/01/2017,9.5212839167112
17/01/2017,10.258458296131915
18/01/2017,10.125537740945934
19/01/2017,10.385306173596472
20/01/2017,10.549960559535752
21/01/2017,10.872633993948424
22/01/2017,10.745356049118469
23/01/2017,10.751024402450716
24/01/2017,10.399087248402381
25/01/2017,10.471671231503688
26/01/2017,10.555255877288236
27/01/2017,10.509979092454431
28/01/2017,10.554962953815345
29/01/2017,10.430442595335876
30/01/2017,10.570411298387052
31/01/2017,10.677298023363218
01/02/2017,10.700989418222473
02/02/2017,10.81046108694813
03/02/2017,10.937685579154774
04/02/2017,11.33331586102519
05/02/2017,11.242238837962214
06/02/2017,11.294016130984236
07/02/2017,11.433167440255266
08/02/2017,11.335153011135779
09/02/2017,10.914963949831499
10/02/2017,11.275640644361795
11/02/2017,11.399125371500645
12/02/2017,11.354164564644952
13/02/2017,11.281947015245585
14/02/2017,12.972145045966517
15/02/2017,12.934716009243267
16/02/2017,12.835968798993127
17/02/2017,12.7034838481457
18/02/2017,12.816285332013342
19/02/2017,12.775445603327524
20/02/2017,12.750223774537398
21/02/2017,12.73614094049859
22/02/2017,12.600296405431427
23/02/2017,13.15516545737877
24/02/2017,13.071871231178674
25/02/2017,13.546938608109645
26/02/2017,14.547676188997867
27/02/2017,15.358690360839047
28/02/2017,15.702781231900772
01/03/2017,17.168029711638418
02/03/2017,18.993581792674195
03/03/2017,19.58574948053123
04/03/2017,18.63867345258356
05/03/2017,19.247364659986754
06/03/2017,19.670705614004156
07/03/2017,18.82733332066123
08/03/2017,16.7497435780077
09/03/2017,17.632128818481693
10/03/2017,19.26359042821057
11/03/2017,21.396413225585537
12/03/2017,23.09884795827443
13/03/2017,28.4460651994335
14/03/2017,28.53666459127697
15/03/2017,34.19736420741617
16/03/2017,39.86185607085268
17/03/2017,44.06729598863206
18/03/2017,32.26798526618718
19/03/2017,44.08879749579081
20/03/2017,41.86369288259116
21/03/2017,42.47845801399063
22/03/2017,41.262612537182946
23/03/2017,43.274929979555615
24/03/2017,50.894791438930966
25/03/2017,50.678966487888445
26/03/2017,50.049454214237386
27/03/2017,49.017113803037155
28/03/2017,50.259542864330534
29/03/2017,52.84379426461343
30/03/2017,52.313175209019796
31/03/2017,49.9646672803426
01/04/2017,50.42578760723248
02/04/2017,48.37846727683558
03/04/2017,43.57923995912754
04/04/2017,41.79779504583054
05/04/2017,45.590295052351756
06/04/2017,42.978525212227865
07/04/2017,42.40137665621101
08/04/2017,44.501284387189116
09/04/2017,44.1907610730727
10/04/2017,43.90534128958704
11/04/2017,43.85889483882994
12/04/2017,46.197883489516954
13/04/2017,49.7503375730287
14/04/2017,47.56205172159332
15/04/2017,49.122793411699824
16/04/2017,48.70871927867354
17/04/2017,48.34641781155764
18/04/2017,50.759170818800456
19/04/2017,48.1594963219902
20/04/2017,50.065253649182445
21/04/2017,48.80173571247641
22/04/2017,49.0798706465032
23/04/2017,50.60871348408776
24/04/2017,51.09741863901202
25/04/2017,50.97375547481341
26/04/2017,54.87817856677162
27/04/2017,63.95735376256868
28/04/2017,73.0109629151518
29/04/2017,70.45153824766224
30/04/2017,79.8025539393512
01/05/2017,76.84617780144701
02/05/2017,77.34604386935915
03/05/2017,80.9294915785314
04/05/2017,94.11226519917764
05/05/2017,91.16038713753753
06/05/2017,96.42767965195394
07/05/2017,89.73967947914684
08/05/2017,87.94812005196805
09/05/2017,87.50244390780135
10/05/2017,88.41058886851773
11/05/2017,88.45664874349296
12/05/2017,88.18109149325619
13/05/2017,89.13893167771396
14/05/2017,90.05504056395782
15/05/2017,90.50413159922428
16/05/2017,87.09148558444505
17/05/2017,88.21316751381906
18/05/2017,96.62584622982801
19/05/2017,122.16278299258484
20/05/2017,123.02820305804211
21/05/2017,148.65732047983943
22/05/2017,153.99006380727735
23/05/2017,171.08002832171815
24/05/2017,190.42581317146121
25/05/2017,176.81781507886726
26/05/2017,162.94448638549966
27/05/2017,159.05524764233746
28/05/2017,172.3406699356334
29/05/2017,196.0785933386944
30/05/2017,230.79837139121355
31/05/2017,231.37212671271118
01/06/2017,221.82807122254022
02/06/2017,224.31670548594502
03/06/2017,225.39759443485244
04/06/2017,247.4275410848339
05/06/2017,248.93012523209245
06/06/2017,266.13970806704395
07/06/2017,256.21892337063565
08/06/2017,260.3415097477362
09/06/2017,280.333547997722
10/06/2017,337.7921754587072
11/06/2017,341.0796489185503
12/06/2017,398.4307850845948
13/06/2017,389.9448221775502
14/06/2017,347.78135772227546
15/06/2017,346.36906994261665
16/06/2017,358.2845168676378
17/06/2017,372.3570110185702
18/06/2017,359.4387121135216
19/06/2017,362.0442891370599
20/06/2017,358.0532310647092
21/06/2017,327.8909356942679
22/06/2017,326.9598139741636
23/06/2017,331.9138051489657
24/06/2017,310.05462840596994
25/06/2017,288.04702626534885
26/06/2017,258.91946273454556
27/06/2017,280.8130146788337
28/06/2017,317.2936774724324
29/06/2017,300.18215256198584
30/06/2017,284.69108328848546
01/07/2017,262.47807335859795
02/07/2017,286.1336070099866
03/07/2017,278.5971953381099
04/07/2017,269.7366305781692
05/07/2017,265.9369454655199
06/07/2017,267.4697236476019
07/07/2017,241.4766205298395
08/07/2017,246.21497097327446
09/07/2017,238.75431849081662
10/07/2017,210.52819727984127
11/07/2017,194.33493649003975
12/07/2017,222.13885617231483
13/07/2017,206.41325042813503
14/07/2017,197.96945236247697
15/07/2017,171.77744094493255
16/07/2017,156.46899162898947
17/07/2017,188.3527773486568
18/07/2017,228.50328003667275
19/07/2017,199.59051553264698
20/07/2017,223.4613483872583
21/07/2017,217.08647395834424
22/07/2017,231.14352894295098
23/07/2017,226.7185992848529
24/07/2017,224.91340709342114
25/07/2017,206.81050478775018
26/07/2017,200.3285558009793
27/07/2017,203.18932178158303
28/07/2017,192.58568390577597
29/07/2017,205.51111919711502
30/07/2017,197.19896347978235
31/07/2017,203.28719634179097
01/08/2017,227.08056705038587
02/08/2017,219.05792926762416
03/08/2017,224.86795657659746
04/08/2017,221.67495953018923
05/08/2017,253.15566612330053
06/08/2017,263.2220861638244
07/08/2017,268.49662903477497
08/08/2017,295.14709831672786
09/08/2017,297.0696048197405
10/08/2017,296.7767240757822
11/08/2017,306.826433219032
12/08/2017,308.625531335255
13/08/2017,297.15980274719976
14/08/2017,296.3972895244633
15/08/2017,288.4507671723357
16/08/2017,300.0393294082391
17/08/2017,300.5703437604035
18/08/2017,296.114635373622
19/08/2017,296.6220895183796
20/08/2017,295.17157732771335
21/08/2017,322.2012201364436
22/08/2017,312.1744705574116
23/08/2017,316.7889202107443
24/08/2017,321.7852984049241
25/08/2017,329.0252809929819
26/08/2017,329.86578262442157
27/08/2017,343.34133712814116
28/08/2017,344.2011314209417
29/08/2017,366.809589912788
30/08/2017,378.90633073469184
31/08/2017,382.9344507545728
01/09/2017,386.3430570009356
02/09/2017,346.3987754868897
03/09/2017,349.92924044114534
04/09/2017,299.7173318855491
05/09/2017,318.9728041158723
06/09/2017,333.20632999273016
07/09/2017,329.4156625176296
08/09/2017,304.47510826802426
09/09/2017,299.6944444705654
10/09/2017,292.7796567856866
11/09/2017,296.4753988432914
12/09/2017,290.58653195906925
13/09/2017,277.33365793127047
14/09/2017,214.3117136334975
15/09/2017,246.9218572871298
16/09/2017,244.80561175288247
17/09/2017,249.66654597502836
18/09/2017,287.96109568877347
19/09/2017,280.4456323420793
20/09/2017,279.4176492108516
21/09/2017,257.465074465559
22/09/2017,263.46977368373445
23/09/2017,283.22215899335055
24/09/2017,280.68104473460187
25/09/2017,288.0857009417575
26/09/2017,283.9294530726591
27/09/2017,302.1518453516756
28/09/2017,294.3138380117381
29/09/2017,288.11459689868053
30/09/2017,297.2689355700251
01/10/2017,299.6748890236153
02/10/2017,295.8400297394862
03/10/2017,292.2107206992577
04/10/2017,293.0357027858311
05/10/2017,293.71934612048636
06/10/2017,307.7089805559562
07/10/2017,309.5982491240284
08/10/2017,307.05813687389934
09/10/2017,295.901045084102
10/10/2017,299.9170113647283
11/10/2017,303.2474665353709
12/10/2017,302.0199976805083
13/10/2017,337.9526134340301
14/10/2017,335.33824482981413
15/10/2017,335.3913549863649
16/10/2017,331.967214731027
17/10/2017,317.898212514702
18/10/2017,314.456554240651
19/10/2017,308.4746839282341
20/10/2017,302.35649692557024
21/10/2017,300.69384596228315
22/10/2017,295.4882479105146
23/10/2017,289.4140251237576
24/10/2017,298.75573430773346
25/10/2017,298.4839668215046
26/10/2017,295.7078546189935
27/10/2017,297.9291296930045
28/10/2017,296.4649529071602
29/10/2017,303.74113040048763
30/10/2017,306.2494615338919
31/10/2017,303.54211702851427
01/11/2017,292.33053872865435
02/11/2017,287.0696687458828
03/11/2017,305.8432726789198
04/11/2017,299.9549103522952
05/11/2017,297.5173231052644
06/11/2017,301.370794552855
07/11/2017,295.23511338265723
08/11/2017,308.9339866357258
09/11/2017,322.32952048358885
10/11/2017,301.3549333527746
11/11/2017,316.2583419604271
12/11/2017,314.1661277072687
13/11/2017,315.34395637188766
14/11/2017,338.937627406501
15/11/2017,334.286932546348
16/11/2017,330.021315646911
17/11/2017,333.351255037181
18/11/2017,348.74721545667
19/11/2017,353.43572964676
20/11/2017,365.786815977961
21/11/2017,361.055822571048
22/11/2017,379.409057274538
23/11/2017,412.557611501513
24/11/2017,475.002014978137
25/11/2017,467.446390045639
26/11/2017,468.998099373249
27/11/2017,484.362624150733
28/11/2017,474.182894748523
29/11/2017,428.345443336342
30/11/2017,454.160981519821
01/12/2017,469.863479570669
02/12/2017,469.857050536754
03/12/2017,461.880481908051
04/12/2017,472.252735495896
05/12/2017,467.016662982671
06/12/2017,448.328222164605
07/12/2017,451.825581860168
08/12/2017,467.881662612901
09/12/2017,482.035518858509
10/12/2017,446.691058078548
11/12/2017,509.000876237775
12/12/2017,661.841332287634
13/12/2017,709.883193572531
14/12/2017,704.621843737326
15/12/2017,693.09706413276
16/12/2017,702.244612799479
17/12/2017,728.700471211578
18/12/2017,798.115404033608
19/12/2017,829.989201766042
20/12/2017,813.403602277568
21/12/2017,812.885159103535
22/12/2017,669.276492289395
23/12/2017,715.719068265809
24/12/2017,686.208308919806
25/12/2017,733.902545910265
26/12/2017,774.110198124999
27/12/2017,764.967062014162
28/12/2017,736.840047017461
29/12/2017,755.343641318154
30/12/2017,736.909191519636
31/12/2017,774.696255457107
01/01/2018,776.080330355968
02/01/2018,876.890258814416
03/01/2018,963.0557506903511
04/01/2018,978.416104183522
05/01/2018,1004.8949722625625
06/01/2018,1052.02336010703
07/01/2018,1137.6549188901813
08/01/2018,1184.92393027798
09/01/2018,1361.4396682787146
10/01/2018,1345.5876017375906
11/01/2018,1181.6514100305303
12/01/2018,1315.6187580839762
13/01/2018,1448.1800861342022
14/01/2018,1410.0002145085193
15/01/2018,1329.6713965043375
16/01/2018,1068.6004106894156
17/01/2018,1022.3652131699663
18/01/2018,1036.072312788025
19/01/2018,1046.8985973958734
20/01/2018,1172.9172062239459
21/01/2018,1053.6332024800395
22/01/2018,1000.3871327788332
23/01/2018,991.665320638703
24/01/2018,1056.8792325682198
25/01/2018,1059.3154960264808
26/01/2018,1048.7989058434846
27/01/2018,1095.7825142892807
28/01/2018,1237.3241758467964
29/01/2018,1169.6342569193446
30/01/2018,1161.9086430994253
31/01/2018,1058.0960529662955
01/02/2018,1106.1381723552724
02/02/2018,1021.2693786534147
03/02/2018,914.6388425021536
04/02/2018,941.8032295185238
05/02/2018,834.8891703333355
06/02/2018,684.3133397266745
07/02/2018,785.7389155049871
08/02/2018,751.8878893661607
09/02/2018,807.8227505154956
10/02/2018,871.3268829432668
11/02/2018,854.3498784217315
12/02/2018,817.2905243571003
13/02/2018,862.7487725902944
14/02/2018,833.7791837295838
15/02/2018,915.0765430188819
16/02/2018,928.2935214045194
17/02/2018,934.6767104527537
18/02/2018,964.2765079107337
19/02/2018,915.0920469360246
20/02/2018,928.2902425457683
21/02/2018,902.9690554385094
22/02/2018,809.1296597083212
23/02/2018,812.4468626177468
24/02/2018,864.6697536212578
25/02/2018,828.7233989886703
26/02/2018,842.6280247519165
27/02/2018,863.6502752378826
28/02/2018,869.2632438249697
01/03/2018,846.3652117960792
02/03/2018,855.6787797305122
03/03/2018,850.4429895810156
04/03/2018,844.2552535175925
05/03/2018,843.7565763098702
06/03/2018,840.1509954642488
07/03/2018,808.4491332246333
08/03/2018,752.5931712474129
09/03/2018,699.1898984866136
10/03/2018,710.8916532666208
11/03/2018,684.934340074043
12/03/2018,713.1953300017516
13/03/2018,695.3142030222126
14/03/2018,684.6415843660401
15/03/2018,608.3931488499501
16/03/2018,612.4435397197692
17/03/2018,607.879487479319
18/03/2018,560.1094330840288
19/03/2018,538.6905900543026
20/03/2018,555.0775482373977
21/03/2018,554.2098259834895
22/03/2018,561.1465342247278
23/03/2018,537.7059724380829
24/03/2018,538.109029163154
25/03/2018,519.4855998398031
26/03/2018,519.3780445915389
27/03/2018,487.5396120553992
28/03/2018,449.05225249207564
29/03/2018,443.9491009578748
30/03/2018,385.32709566886405
31/03/2018,395.32626329061816
01/04/2018,395.79638095782116
02/04/2018,379.1235134110076
03/04/2018,384.8259822881638
04/04/2018,415.7162339703384
05/04/2018,380.28195959120734
06/04/2018,384.46448544618835
07/04/2018,369.9138976693199
08/04/2018,383.44636088273523
09/04/2018,396.98175550697044
10/04/2018,398.77335502107474
11/04/2018,412.6893456266917
12/04/2018,427.3849460078481
13/04/2018,488.60548934434905
14/04/2018,488.99218126708564
15/04/2018,495.11291363236046
16/04/2018,525.5274445398754
17/04/2018,507.11031309582995
18/04/2018,498.46700764950907
19/04/2018,517.3740431959737
20/04/2018,566.3920838512778
21/04/2018,590.27192246768
22/04/2018,600.2596767733208
23/04/2018,617.2024078855728
24/04/2018,636.3671638965957
25/04/2018,705.0276448443027
26/04/2018,613.7267252906634
27/04/2018,657.0577934851548
28/04/2018,641.9936056225328
29/04/2018,672.5969368274542
30/04/2018,680.1204953886593
01/05/2018,662.732735837356
02/05/2018,665.2257861413076
03/05/2018,676.5525639388837
04/05/2018,781.4257804747286
05/05/2018,777.9076470179848
06/05/2018,807.0673291637275
07/05/2018,785.89274351052
08/05/2018,748.8131413938073
09/05/2018,744.3248257193555
10/05/2018,743.6398157399032
11/05/2018,717.4128743633592
12/05/2018,675.2917525022057
13/05/2018,683.1702676131072
14/05/2018,726.8719105255797
15/05/2018,727.8026816427881
16/05/2018,703.1556814584169
17/05/2018,702.4531187046043
18/05/2018,665.6275313370153
19/05/2018,686.2132687257347
20/05/2018,685.8467539789947
21/05/2018,703.8146666492306
22/05/2018,688.9132212295281
23/05/2018,641.1003511423173
24/05/2018,581.2411880572671
25/05/2018,597.848771866914
26/05/2018,582.2793862832264
27/05/2018,580.4834597869499
28/05/2018,565.9260648024518
29/05/2018,511.61588041076885
30/05/2018,561.7406614509548
31/05/2018,555.3491509790109
01/06/2018,571.7271134994469
02/06/2018,573.8335504842785
03/06/2018,583.1316392150303
04/06/2018,609.2946747342367
05/06/2018,586.5759760467295
06/06/2018,600.6782790386933
07/06/2018,598.2160984640701
08/06/2018,595.1261406729993
09/06/2018,590.4981451663734
10/06/2018,581.1212496803587
11/06/2018,522.9980386707371
12/06/2018,529.1308297528115
13/06/2018,495.0763558611063
14/06/2018,474.85911303649493
15/06/2018,516.6441703707438
16/06/2018,485.4328365159148
17/06/2018,493.0678580653148
18/06/2018,491.40027597923427
19/06/2018,512.4288524669856
20/06/2018,532.0039133610575
21/06/2018,529.7630465685196
22/06/2018,520.6671645141439
23/06/2018,463.94082865220423
24/06/2018,472.9772647615346
25/06/2018,455.71843063066746
26/06/2018,458.9258012406738
27/06/2018,430.60178441047594
28/06/2018,437.8765374730084
29/06/2018,420.86212416397933
30/06/2018,432.50722049091496
01/07/2018,449.43004507185094
02/07/2018,447.6805505735615
03/07/2018,472.31165843777023
04/07/2018,459.6987235407423
05/07/2018,463.22220830490755
06/07/2018,466.87948010075564
07/07/2018,467.5901144927255
08/07/2018,481.523823511904
09/07/2018,483.8040307751051
10/07/2018,469.7022293732207
11/07/2018,431.76445446277353
12/07/2018,443.0254304264658
13/07/2018,427.79224436391297
14/07/2018,431.266939712935
15/07/2018,431.78456841825795
16/07/2018,446.60952086822346
17/07/2018,478.20850696097756
18/07/2018,497.1775460849197
19/07/2018,475.9901579076109
20/07/2018,464.78994267592014
21/07/2018,447.2032909319223
22/07/2018,458.0790283587359
23/07/2018,455.5332019326154
24/07/2018,447.92137912561867
25/07/2018,477.2092716797165
26/07/2018,468.73749232171497
27/07/2018,460.8693339260698
28/07/2018,467.9579265520383
29/07/2018,465.8991552657435
30/07/2018,466.41922911559277
31/07/2018,458.080921209812
01/08/2018,432.3501179219696
02/08/2018,417.27540676628155
03/08/2018,410.9251331069581
04/08/2018,417.35539322792266
05/08/2018,406.8839911959127
06/08/2018,409.16493540460897
07/08/2018,404.81719789129863
08/08/2018,377.75090114785144
09/08/2018,353.6461229266765
10/08/2018,363.6851798621928
11/08/2018,332.49243311549486
12/08/2018,317.3144774285816
13/08/2018,317.9561130787788
14/08/2018,284.9586646577589
15/08/2018,277.7460166184284
16/08/2018,281.1411931356025
17/08/2018,286.3202214369417
18/08/2018,314.79325272659554
19/08/2018,293.17699177790365
20/08/2018,299.4351225630472
21/08/2018,271.06155217805997
22/08/2018,280.3747171450871
23/08/2018,269.2483994291051
24/08/2018,275.80838507029057
25/08/2018,281.7346420014112
26/08/2018,277.96671056981506
27/08/2018,273.50341418810274
28/08/2018,286.9611037603499
29/08/2018,296.29612763685776
30/08/2018,288.5053605724647
31/08/2018,285.1028726269231
01/09/2018,282.22317870221497
02/09/2018,295.6461617616964
03/09/2018,294.5856884801363
04/09/2018,288.85282563770716
05/09/2018,285.4857566471215
06/09/2018,232.59576871683151
07/09/2018,229.37495804862965
08/09/2018,215.43223745188737
09/09/2018,196.8653868522827
10/09/2018,195.87733831990175
11/09/2018,196.3615326706261
12/09/2018,184.08223182704117
13/09/2018,182.94557625329006
14/09/2018,211.82672748652598
15/09/2018,211.3835617204549
16/09/2018,223.05308230390335
17/09/2018,220.1415794346937
18/09/2018,196.5766097002653
19/09/2018,210.15069647518163
20/09/2018,209.1425267776257
21/09/2018,224.38097767293752
22/09/2018,247.41001789452824
23/09/2018,241.8437317592413
24/09/2018,244.7847954629194
25/09/2018,228.34091150907454
26/09/2018,219.50434375691938
27/09/2018,214.9793802543281
28/09/2018,229.22195926025518
29/09/2018,222.229239761749
30/09/2018,231.73587329828854
01/10/2018,232.78138524562493
02/10/2018,231.1436846227436
03/10/2018,225.79485382934473
04/10/2018,220.47446029228064
05/10/2018,222.19584779064576
06/10/2018,228.03607024893918
07/10/2018,225.06880731767052
08/10/2018,225.65834864130284
09/10/2018,229.52461502629828
10/10/2018,227.9689077917784
11/10/2018,225.66201617746165
12/10/2018,192.0010841477226
13/10/2018,197.06801594741614
14/10/2018,201.05349968429928
15/10/2018,196.3186984116144
16/10/2018,212.2030694387269
17/10/2018,212.4442865474299
18/10/2018,211.08269302502703
19/10/2018,204.31304892929978
20/10/2018,203.97626253061992
21/10/2018,206.88209866230514
22/10/2018,206.30982679591034
23/10/2018,205.03775490876436
24/10/2018,204.08394558056767
25/10/2018,203.52219877380867
26/10/2018,202.35302275695466
27/10/2018,203.38496856526396
28/10/2018,203.18739632422128
29/10/2018,204.7223407022085
30/10/2018,195.7514045211852
31/10/2018,197.44844958499
01/11/2018,198.6390488336609
02/11/2018,199.1226070207313
03/11/2018,202.28275716666218
04/11/2018,200.13622776255878
05/11/2018,206.8144295995958
06/11/2018,209.10887661978714
07/11/2018,219.16088708430863
08/11/2018,219.0157747507676
09/11/2018,213.40763439234544
10/11/2018,210.79061959752252
11/11/2018,212.9658278769949
12/11/2018,212.4733247441558
13/11/2018,211.65690924875202
14/11/2018,208.58229647385883
15/11/2018,184.02255937246562
16/11/2018,182.448242594831
17/11/2018,176.02240566453227
18/11/2018,175.6674163561008
19/11/2018,177.72868960741215
20/11/2018,150.39116276572497
21/11/2018,131.476679735108
22/11/2018,137.1730431934016
23/11/2018,126.06638760845392
24/11/2018,124.15029635415753
25/11/2018,114.28793125942474
26/11/2018,117.52527750634898
27/11/2018,109.43098854688948
28/11/2018,110.43494358866081
29/11/2018,122.44642499081692
30/11/2018,117.70538590366436
01/12/2018,113.4028831522645
02/12/2018,118.10075903673732
03/12/2018,115.94428273243844
04/12/2018,108.67684762425776
05/12/2018,109.85191500097886
06/12/2018,102.51104175852288
07/12/2018,91.10115845588969
08/12/2018,92.96795017189604
09/12/2018,90.67825609691094
10/12/2018,93.53012682199429
11/12/2018,89.85371730794834
12/12/2018,87.85041070425926
13/12/2018,89.37790161622951
14/12/2018,85.95872706359158
15/12/2018,83.78596235654511
16/12/2018,83.8335821320138
17/12/2018,84.46584639727314
18/12/2018,94.07306838255042
19/12/2018,100.05002539321067
20/12/2018,99.49155365807758
21/12/2018,114.42918370038834
22/12/2018,107.85318110517642
23/12/2018,115.04582181530175
24/12/2018,129.20650341412852
25/12/2018,138.95781833191495
26/12/2018,127.63707252348217
27/12/2018,129.51137399263007
28/12/2018,114.1013635506553
29/12/2018,134.01993952035144
30/12/2018,138.75426661197633
31/12/2018,137.6316929791457
01/01/2019,131.45872465603802
02/01/2019,138.14480220535194
03/01/2019,152.86045271321305
04/01/2019,146.7305994341217
05/01/2019,153.0565669307744
06/01/2019,153.65187149457
07/01/2019,154.69930839905126
08/01/2019,149.89869762072908
09/01/2019,148.14786553107623
10/01/2019,148.7388798515161
11/01/2019,126.62475249770274
12/01/2019,124.6267970725248
13/01/2019,123.75936261029351
14/01/2019,114.76604584662175
15/01/2019,127.40527329081972
16/01/2019,119.81437324652917
17/01/2019,122.24553850486993
18/01/2019,121.92726666997898
19/01/2019,119.1707391686563
20/01/2019,122.92817578942176
21/01/2019,117.6078729013454
22/01/2019,115.82686433322588
23/01/2019,117.81718880676009
24/01/2019,116.41601969858114
25/01/2019,116.24543567436463
26/01/2019,115.14990605895021
27/01/2019,115.33716687142687
28/01/2019,112.51348924314217
29/01/2019,105.35239189764611
30/01/2019,104.59784628074063
31/01/2019,108.27309466982854
01/02/2019,106.33599581366398
02/02/2019,107.00955827242754
03/02/2019,108.77817692653159
04/02/2019,107.19999697185268
05/02/2019,107.61824539435413
06/02/2019,107.31703853339418
07/02/2019,104.62362623241391
08/02/2019,104.26536439234141
09/02/2019,119.33360463375858
10/02/2019,119.48955517293045
11/02/2019,124.88963479029995
12/02/2019,120.97026174727318
13/02/2019,122.54208894762355
14/02/2019,122.09412965721424
15/02/2019,120.59217399552682
16/02/2019,121.57227847601175
17/02/2019,122.93860835926709
18/02/2019,133.88146961685993
19/02/2019,145.32602670603126
20/02/2019,143.65523417640586
21/02/2019,148.8684346762975
22/02/2019,145.2958232437471
23/02/2019,148.04165031619752
24/02/2019,157.67559560191677
25/02/2019,134.31602869596247
26/02/2019,137.8218665264574
27/02/2019,135.99783785109707
28/02/2019,134.84981713392082
01/03/2019,135.4906837644075
02/03/2019,134.95470877409352
03/03/2019,132.40742658761687
04/03/2019,130.5403477406027
05/03/2019,125.6240824924571
06/03/2019,136.5502476885833
07/03/2019,137.32665152792868
08/03/2019,136.78614228385894
09/03/2019,133.5416931933968
10/03/2019,137.1960003042231
11/03/2019,135.62080210154824
12/03/2019,132.38753404384025
13/03/2019,133.28742563523164
14/03/2019,131.6683444532404
15/03/2019,132.14623792639355
16/03/2019,136.4478648131974
17/03/2019,141.08804416286097
18/03/2019,138.55063028189403
19/03/2019,137.65794893090973
20/03/2019,138.5225166550466
21/03/2019,139.0759731796369
22/03/2019,135.05601072736965
23/03/2019,136.0995360201361
24/03/2019,137.19806866408575
25/03/2019,136.05748300079634
26/03/2019,133.8175199792062
27/03/2019,134.02990438257248
28/03/2019,139.63660664431762
29/03/2019,137.81198852309657
30/03/2019,143.14644309796884
31/03/2019,142.28965262894044
01/04/2019,141.586389044902
02/04/2019,141.51455520152766
03/04/2019,164.05054289558294
04/04/2019,160.43283831978377
05/04/2019,157.41222580794496
06/04/2019,165.1385234713877
07/04/2019,165.32515186458005
08/04/2019,174.09052297795662
09/04/2019,180.01192355336678
10/04/2019,175.2941224274854
11/04/2019,177.3253178087243
12/04/2019,165.03710682659573
13/04/2019,164.57194837218958
14/04/2019,163.97160033492332
15/04/2019,167.61800117879454
16/04/2019,160.53249078494966
17/04/2019,166.4845378681717
18/04/2019,166.3272646030099
19/04/2019,173.41362781077277
20/04/2019,173.2282621688014
21/04/2019,173.16628767058037
22/04/2019,169.98788930945395
23/04/2019,171.0434707895899
24/04/2019,170.91296418483168
25/04/2019,165.66966005027155
26/04/2019,153.9304406219976
27/04/2019,157.3757012457437
28/04/2019,158.28919434200932
29/04/2019,156.5951891487867
30/04/2019,154.08028243009934
01/05/2019,160.74469184721738
02/05/2019,159.48931440238658
03/05/2019,160.95718796104512
04/05/2019,166.63211526803485
05/05/2019,162.83631690744346
06/05/2019,162.37013497277283
07/05/2019,172.8283284518378
08/05/2019,170.09589748059332
09/05/2019,170.11063311538186
10/05/2019,170.57549417946805
11/05/2019,172.68209089135948
12/05/2019,196.6901677286205
13/05/2019,187.2720183708742
14/05/2019,196.0761130134244
15/05/2019,218.28460968764938
16/05/2019,248.74500426984366
17/05/2019,264.90012138907406
18/05/2019,243.57049917993308
19/05/2019,235.32720134101993
20/05/2019,260.59698403060327
21/05/2019,251.9614994995826
22/05/2019,256.0830401834705
23/05/2019,244.54946301361036
24/05/2019,244.6460957973966
25/05/2019,248.54526290535333
26/05/2019,250.82036469745617
27/05/2019,266.12218207843597
28/05/2019,273.40508817754096
29/05/2019,271.227867157993
30/05/2019,268.7857564563058
31/05/2019,255.37736314606394
01/06/2019,268.12603920482644
02/06/2019,264.72732428744166
03/06/2019,269.9388294795906
04/06/2019,251.75257532903564
05/06/2019,240.23943365820054
06/06/2019,246.82656909017393
07/06/2019,249.9679117723965
08/06/2019,250.63689323005363
09/06/2019,244.62980571926562
10/06/2019,232.04158416760484
11/06/2019,247.25227622797598
12/06/2019,245.08937853941526
13/06/2019,260.5666340627198
14/06/2019,255.1204266417473
15/06/2019,263.92853843827874
16/06/2019,268.1121928964469
17/06/2019,269.0716935274996
18/06/2019,273.12368845247914
19/06/2019,264.78793107969506
20/06/2019,269.1527997781388
21/06/2019,272.334690986303
22/06/2019,294.47562296593696
23/06/2019,310.65499867231955
24/06/2019,307.9472102635873
25/06/2019,311.06822902414945
26/06/2019,318.635944657736
27/06/2019,337.3409578098138
28/06/2019,295.8416528876357
29/06/2019,309.949031472406
30/06/2019,321.43279903776084
01/07/2019,292.83887601724456
02/07/2019,295.2558980709613
03/07/2019,290.9596721071729
04/07/2019,304.1705424011823
05/07/2019,285.2194708797813
06/07/2019,287.98591058443674
07/07/2019,289.57713834106636
08/07/2019,305.33625290070216
09/07/2019,312.4663688290414
10/07/2019,307.7796837520068
11/07/2019,290.009967157574
12/07/2019,268.6352130477999
13/07/2019,275.80920843487644
14/07/2019,270.314761247692
15/07/2019,227.12207268042678
16/07/2019,230.18019411198864
17/07/2019,199.94052185387875
18/07/2019,210.83853712737297
19/07/2019,226.3035342868679
20/07/2019,221.11374095039795
21/07/2019,228.96480408491627
22/07/2019,226.15340772656594
23/07/2019,217.65256165832335
24/07/2019,213.5021516080946
25/07/2019,217.19777774847861
26/07/2019,219.48779097276912
27/07/2019,219.58243262777626
28/07/2019,206.531772895918
29/07/2019,211.229753661743
30/07/2019,210.82351650905207
31/07/2019,209.64626074112806
01/08/2019,218.61308553620958
02/08/2019,216.630420657716
03/08/2019,217.79546207706508
04/08/2019,221.41611875255478
05/08/2019,221.98815294300547
06/08/2019,232.82368350463972
07/08/2019,227.02071107575
08/08/2019,226.4011931773696
09/08/2019,221.99588620712112
10/08/2019,210.15361895773407
11/08/2019,206.50462546838185
12/08/2019,216.4855805517722
13/08/2019,211.11314126304725
14/08/2019,209.26573714761406
15/08/2019,185.65530058955875
16/08/2019,188.15278116773473
17/08/2019,185.15324355177958
18/08/2019,185.76004109383433
19/08/2019,194.35736761658467
20/08/2019,202.95975075968417
21/08/2019,196.27274728566928
22/08/2019,187.01618910896025
23/08/2019,191.52119596772542
24/08/2019,194.2093873568753
25/08/2019,190.55575089343063
26/08/2019,186.32236897942659
27/08/2019,188.37725745413954
28/08/2019,186.97068487781738
29/08/2019,173.02703573027782
30/08/2019,168.79916502828434
31/08/2019,168.6708883739598
01/09/2019,172.07296929356409
02/09/2019,170.72754514461607
03/09/2019,177.71647895327314
04/09/2019,178.82647784328285
05/09/2019,174.77627554812665
06/09/2019,174.1938100520476
07/09/2019,169.42286694793444
08/09/2019,177.85258889110943
09/09/2019,181.4839320522675
10/09/2019,181.01465623196765
11/09/2019,180.1493915298145
12/09/2019,178.08294980618456
13/09/2019,181.010836085851
14/09/2019,181.2119450035023
15/09/2019,188.30568158376607
16/09/2019,189.25504633546134
17/09/2019,197.60691638393752
18/09/2019,209.21116304181604
19/09/2019,210.24907372866744
20/09/2019,221.74292599489385
21/09/2019,217.95344382394939
22/09/2019,215.34523960456264
23/09/2019,211.61753840452246
24/09/2019,201.00337752581868
25/09/2019,168.67357964603033
26/09/2019,170.28886769224317
27/09/2019,166.21680322909975
28/09/2019,173.90494900595044
29/09/2019,174.07970541243265
30/09/2019,169.6894747522977
01/10/2019,179.75716197925505
02/10/2019,180.63244082835516
03/10/2019,180.57893058773016
04/10/2019,176.85852555342686
05/10/2019,175.86315365350248
06/10/2019,176.2772565733896
07/10/2019,170.44710628243018
08/10/2019,180.14424760253544
09/10/2019,180.78979326727546
10/10/2019,193.33993781390976
11/10/2019,191.04108656991255
12/10/2019,180.55244905183102
13/10/2019,179.94653567610214
14/10/2019,181.2872472944888
15/10/2019,186.61606753146776
16/10/2019,180.74563079187547
17/10/2019,175.05406935469742
18/10/2019,177.4769186344818
19/10/2019,172.88626058117322
20/10/2019,171.85241043187662
21/10/2019,175.21210857661558
22/10/2019,174.35449608806442
23/10/2019,171.4265472158501
24/10/2019,161.5840435929357
25/10/2019,160.67839136074096
26/10/2019,181.45319156222183
27/10/2019,179.53527008259897
28/10/2019,183.58089983827585
29/10/2019,181.86179987269554
30/10/2019,190.50596091786502
31/10/2019,183.13375148673262
01/11/2019,182.75570124695298
02/11/2019,183.064191451962
03/11/2019,183.21568174708486
04/11/2019,181.8244399622803
05/11/2019,185.76433086001398
06/11/2019,189.16575518025138
07/11/2019,191.3004004540056
08/11/2019,186.81653195658674
09/11/2019,183.6736227613274
10/11/2019,184.95814543107952
11/11/2019,189.04498222352015
12/11/2019,184.839873654298
13/11/2019,186.8659398462863
14/11/2019,187.84288849379362
15/11/2019,184.78830689468228
16/11/2019,180.16871140792335
17/11/2019,182.63065416042576
18/11/2019,183.9879638750186
19/11/2019,178.3855993731378
20/11/2019,175.8204845763924
21/11/2019,174.80445727797053
22/11/2019,161.15147727923085
23/11/2019,149.92569206419535
24/11/2019,151.96608493452732
25/11/2019,140.24681084120735
26/11/2019,146.34618694453036
27/11/2019,147.57506848968612
28/11/2019,152.615068348219
29/11/2019,150.91034572010813
30/11/2019,154.25530586508248
01/12/2019,151.73585404476006
02/12/2019,151.02315688624967
03/12/2019,148.86726798663648
04/12/2019,147.12795176955626
05/12/2019,145.40170953026762
06/12/2019,147.79749210977155
07/12/2019,148.60569815279229
08/12/2019,147.1457864691915
09/12/2019,150.2924488050236
10/12/2019,147.42926132729735
11/12/2019,145.56867918491014
12/12/2019,143.12297867633916
13/12/2019,145.02592545573296
14/12/2019,144.6187808332106
15/12/2019,141.84486515951662
16/12/2019,142.21086918955265
17/12/2019,132.72274321129302
18/12/2019,121.770107290006
19/12/2019,132.74136111736684
20/12/2019,128.0791538700726
21/12/2019,128.2701941791178
22/12/2019,126.93287325611249
23/12/2019,132.17746965077103
24/12/2019,128.16997170630987
25/12/2019,127.72559890360142
26/12/2019,125.01870585042732
27/12/2019,125.61458431453704
28/12/2019,126.32718018933488
29/12/2019,128.0669874384903
30/12/2019,134.3236471998861
31/12/2019,131.4621363838881
01/01/2020,129.18638529253852
02/01/2020,130.4846850311141
03/01/2020,127.04525801179804
04/01/2020,133.70264861844188
05/01/2020,134.1368826978575
06/01/2020,135.00571364233375
07/01/2020,143.80639795566535
08/01/2020,143.019432264986
09/01/2020,140.27393527388705
10/01/2020,137.86055928182662
11/01/2020,144.6047743464792
12/01/2020,142.18233327497873
13/01/2020,145.42287633530452
14/01/2020,143.58796905036286
15/01/2020,165.99143854583525
16/01/2020,166.2530969048888
17/01/2020,163.80590111423027
18/01/2020,171.15621787671842
19/01/2020,174.23837318258896
20/01/2020,166.6271059505621
21/01/2020,166.93852805776982
22/01/2020,169.27993585839258
23/01/2020,167.8265296405669
24/01/2020,162.51937110634034
25/01/2020,162.40947975163584
26/01/2020,160.6736108617405
27/01/2020,167.6474095857562
28/01/2020,169.7364357354222
29/01/2020,175.19000305345378
30/01/2020,173.70688823620796
31/01/2020,184.72621843141044
01/02/2020,179.22910385240368
02/02/2020,183.33693755210257
03/02/2020,188.55064179431113
04/02/2020,189.86176346298166
05/02/2020,188.84220736948276
06/02/2020,203.8593183747095
07/02/2020,212.73341421352782
08/02/2020,223.27631974791998
09/02/2020,223.30077697426225
10/02/2020,228.29226083217347
11/02/2020,224.14699652028605
12/02/2020,236.78534852972567
13/02/2020,264.03276824299627
14/02/2020,267.6704445042514
15/02/2020,284.2318914741183
16/02/2020,263.8999463915962
17/02/2020,262.1562443168135
18/02/2020,267.9356656159883
19/02/2020,281.9457403055278
20/02/2020,259.1838037480287
21/02/2020,257.9883953048601
22/02/2020,265.1644591338591
23/02/2020,260.99654013152536
24/02/2020,274.6312157785517
25/02/2020,265.2421912203732
26/02/2020,248.31738139395102
27/02/2020,224.81050829744677
28/02/2020,225.42971511683754
29/02/2020,227.70528448376498
01/03/2020,218.34835692985286
02/03/2020,218.93979697447656
03/03/2020,231.67944604592213
04/03/2020,223.96011601810258
05/03/2020,224.13487737180202
06/03/2020,228.0809351016884
07/03/2020,244.23846951978683
08/03/2020,237.38079020191347
09/03/2020,198.81964228768578
10/03/2020,200.84687148188746
11/03/2020,200.74903854851766
12/03/2020,194.21794124025206
13/03/2020,110.5978978308351
14/03/2020,132.57285770180832
15/03/2020,123.030844108903
16/03/2020,124.60342553062202
17/03/2020,110.99159845334059
18/03/2020,117.21704138518466
19/03/2020,117.7004246469663
20/03/2020,136.81187578973578
21/03/2020,131.96469397290025
22/03/2020,131.94321845316688
23/03/2020,122.5205987665882
24/03/2020,135.58865798037067
25/03/2020,138.77657127268222
26/03/2020,136.23392142176775
27/03/2020,138.76693759902926
28/03/2020,130.2865618875773
29/03/2020,131.42405214081145
30/03/2020,125.31887451568916
31/03/2020,132.36373895414985
01/04/2020,133.2364468438201
02/04/2020,136.21638557312852
03/04/2020,141.4537053523866
04/04/2020,141.26154326644877
05/04/2020,144.200802681986
06/04/2020,142.8508834648482
07/04/2020,169.85504979336824
08/04/2020,164.5160197107307
09/04/2020,172.80356826747519
10/04/2020,170.09510352387568
11/04/2020,157.74015800780134
12/04/2020,158.32787794181905
13/04/2020,158.8638257195104
14/04/2020,156.70135879140688
15/04/2020,158.26715118298955
16/04/2020,153.2228636800284
17/04/2020,171.7759907508837
18/04/2020,170.445890477055
19/04/2020,187.14354411560592
20/04/2020,180.05859654051866
21/04/2020,170.70405868653958
22/04/2020,170.45154288047368
23/04/2020,182.2767576620704
24/04/2020,184.59370248021838
25/04/2020,187.34336861419638
26/04/2020,194.11423682570447
27/04/2020,197.22990444623989
28/04/2020,196.46262535084685
29/04/2020,197.15473156634306
30/04/2020,215.54817266567386
01/05/2020,205.55600541063674
02/05/2020,211.96829534904975
03/05/2020,213.94301121407548
04/05/2020,210.02470947464775
05/05/2020,206.8325342346069
06/05/2020,205.22517973985205
07/05/2020,200.25479450009442
08/05/2020,212.29247620086525
09/05/2020,211.68904835113835
10/05/2020,210.4318181376063
11/05/2020,188.13722615896586
12/05/2020,185.67471809740294
13/05/2020,189.30578181851274
14/05/2020,199.36937254304945
15/05/2020,203.21124699378416
16/05/2020,194.27309778153102
17/05/2020,200.58339090310048
18/05/2020,206.76889403683904
19/05/2020,214.35764164526782
20/05/2020,213.68672021176667
21/05/2020,209.9207882888633
22/05/2020,198.9175157507187
23/05/2020,206.22772963994552
24/05/2020,206.4112069583191
25/05/2020,200.69072858230618
26/05/2020,203.81011834234977
27/05/2020,200.96361540675866
28/05/2020,207.84589389085414
29/05/2020,219.59156405880168
30/05/2020,220.49116734603788
31/05/2020,242.70977026782677
01/06/2020,232.33100303896677
02/06/2020,248.04456658448655
03/06/2020,237.26532012867918
04/06/2020,244.1253366100756
05/06/2020,243.70782131595863
06/06/2020,240.24696898765103
07/06/2020,242.02164036721499
08/06/2020,244.22674439497985
09/06/2020,246.21278326044262
10/06/2020,243.8495266518988
11/06/2020,247.5419715295243
12/06/2020,232.00078536182022
13/06/2020,237.59341087744238
14/06/2020,238.29362910089247
15/06/2020,232.11252047744935
16/06/2020,231.0170115525279
17/06/2020,235.28847948297147
18/06/2020,233.8636184621818
19/06/2020,231.68485732135008
20/06/2020,228.9592128032193
21/06/2020,228.8691487972198
22/06/2020,227.79190590968685
23/06/2020,243.36470999245498
24/06/2020,243.07948223903702
25/06/2020,234.5649846444734
26/06/2020,232.64870349961575
27/06/2020,229.6365260272679
28/06/2020,221.0260852973422
29/06/2020,225.12294616525017
30/06/2020,228.20576377381224
01/07/2020,225.59281496891896
02/07/2020,230.66194359094902
03/07/2020,226.57442434030435
04/07/2020,225.1764054804081
05/07/2020,229.09471646218861
06/07/2020,227.8993750381917
07/07/2020,241.52685187431663
08/07/2020,238.96448054067793
09/07/2020,246.85900786802029
10/07/2020,241.97512857897888
11/07/2020,240.95495378293265
12/07/2020,239.10202554671358
13/07/2020,241.7715226007061
14/07/2020,239.63878681174097
15/07/2020,240.25147066847245
16/07/2020,238.66359720631723
17/07/2020,233.837074562722
18/07/2020,232.78147743826054
19/07/2020,235.6811447764246
20/07/2020,238.89523167867932
21/07/2020,236.06009844538684
22/07/2020,245.23373502634252
23/07/2020,263.7624639660021
24/07/2020,274.7236202591814
25/07/2020,279.42705624758224
26/07/2020,305.0381394111965
27/07/2020,310.51799095173624
28/07/2020,320.47619130968184
29/07/2020,316.4067660520556
30/07/2020,317.5390729161191
31/07/2020,334.7419220365616
01/08/2020,346.00350607288686
02/08/2020,387.94242117124685
03/08/2020,370.7323024312388
04/08/2020,386.24744771780877
05/08/2020,389.3830083498991
06/08/2020,400.18436250317995
07/08/2020,394.5417454611831
08/08/2020,379.1351558498163
09/08/2020,391.47843864211467
10/08/2020,389.62293111291143
11/08/2020,395.20991365718925
12/08/2020,379.17476395275435
13/08/2020,387.50053082397886
14/08/2020,427.49026536796873
15/08/2020,438.7625874702974
16/08/2020,432.6546652389318
17/08/2020,433.43186093211244
18/08/2020,430.03250508972275
19/08/2020,422.10665286599425
20/08/2020,406.5744691821068
21/08/2020,416.46977582279794
22/08/2020,386.8238914189483
23/08/2020,395.88501828908585
24/08/2020,390.7891350477376
25/08/2020,408.2691456317229
26/08/2020,383.66214311829924
27/08/2020,385.75249987492117
28/08/2020,381.8376513210842
29/08/2020,395.1382132386204
30/08/2020,399.374543834064
31/08/2020,428.2956791635218
01/09/2020,435.6930232991007
02/09/2020,475.6846642626859
03/09/2020,439.35376021531494
04/09/2020,383.6915311779978
05/09/2020,387.9040290939166
06/09/2020,334.46859301354317
07/09/2020,352.99300214607035
08/09/2020,351.8778602923998
09/09/2020,337.84505193506857
10/09/2020,351.2322670832359
11/09/2020,367.63892881000675
12/09/2020,373.9149059897517
13/09/2020,387.72351629002264
14/09/2020,365.695506306262
15/09/2020,376.394561113407
16/09/2020,364.6900450860686
17/09/2020,365.13055081164816
18/09/2020,388.7974562319938
19/09/2020,383.17286599152135
20/09/2020,385.4721234936851
21/09/2020,370.9678951624775
22/09/2020,341.27713087183076
23/09/2020,343.9175471009491
24/09/2020,321.0774351739628
25/09/2020,348.8210199785493
26/09/2020,351.3315670221176
27/09/2020,354.2615819143104
28/09/2020,357.0664364067552
29/09/2020,354.4295835375506
30/09/2020,359.4260895383702
01/10/2020,359.59898475085777
02/10/2020,353.1978481381707
03/10/2020,345.9125682279143
04/10/2020,345.99246319342933
05/10/2020,352.4588065039611
06/10/2020,353.6044273109067
07/10/2020,340.6160218128092
08/10/2020,341.4437964782809
09/10/2020,350.0556765681245
10/10/2020,365.33944481939363
11/10/2020,370.4718109734285
12/10/2020,374.4970150925736
13/10/2020,387.25555835657167
14/10/2020,381.16877389892255
15/10/2020,379.21025376092774
16/10/2020,377.15868107868175
17/10/2020,365.9906423831468
18/10/2020,368.6504703636898
19/10/2020,378.0493653237596
20/10/2020,379.6394773321801
21/10/2020,368.2270142350454
22/10/2020,391.16674217757225
23/10/2020,413.2018903361906
24/10/2020,408.88948864371923
25/10/2020,411.95921775305027
26/10/2020,406.157094148215
27/10/2020,393.38290839224464
28/10/2020,403.529837833562
29/10/2020,388.87733988207765
30/10/2020,386.4460129872924
31/10/2020,382.9007710380906
01/11/2020,385.8445887975079
02/11/2020,394.9363420491719
03/11/2020,383.8498034220404
04/11/2020,387.616373722075
05/11/2020,401.7330968324722
06/11/2020,415.9277704309719
07/11/2020,454.6515430984697
08/11/2020,435.4183540833094
09/11/2020,455.3583669721691
10/11/2020,445.0512933420698
11/11/2020,449.8161845012962
12/11/2020,463.18087172032307
13/11/2020,462.2056195794902
14/11/2020,475.9690936576015
15/11/2020,462.7183970607933
16/11/2020,449.2068016397434
17/11/2020,461.3711967052673
18/11/2020,482.1983847235396
19/11/2020,479.43766136247405
20/11/2020,471.31795839441156
21/11/2020,508.79221458524455
22/11/2020,548.842116249849
23/11/2020,560.5088874583059
24/11/2020,608.2733109189421
25/11/2020,602.6662623938871
26/11/2020,568.2751530404493
27/11/2020,518.4670452162002
28/11/2020,517.5530264056014
29/11/2020,537.3926120944484
30/11/2020,574.7511196548439
01/12/2020,612.2637856122055
02/12/2020,589.5818443540976
03/12/2020,598.760610095824
04/12/2020,616.506661565682
05/12/2020,571.1904316349736
06/12/2020,595.9194139680376
07/12/2020,601.9689349244918
08/12/2020,592.3865066820175
09/12/2020,554.329674302381
10/12/2020,573.8953091099941
11/12/2020,560.4542654076048
12/12/2020,545.9828352633687
13/12/2020,568.3587534073821
14/12/2020,590.3244403029342
15/12/2020,585.5418949360015
16/12/2020,589.0668316450424
17/12/2020,635.9618893796135
18/12/2020,644.0652701929779
19/12/2020,654.4204162965752
20/12/2020,659.3188076372094
21/12/2020,639.5154368778184
22/12/2020,610.4270278980672
23/12/2020,634.9797234431858
24/12/2020,587.9588954992439
25/12/2020,612.8796570505974
26/12/2020,626.4567387784558
27/12/2020,636.7423171944997
28/12/2020,689.6598573269875
29/12/2020,732.9570292975275
30/12/2020,735.5908981625738
31/12/2020,752.8559324490188
01/01/2021,738.6169381520413
02/01/2021,730.1473402196374
03/01/2021,777.6960653039432
04/01/2021,967.0005967288458
05/01/2021,1025.6547675669035
06/01/2021,1103.3582516225742
07/01/2021,1208.5750928728885
08/01/2021,1229.4713150147782
09/01/2021,1223.7296883535275
10/01/2021,1282.979575527323
11/01/2021,1267.7310031512136
12/01/2021,1092.9143378806064
13/01/2021,1045.406815230412
14/01/2021,1132.0155910164729
15/01/2021,1216.9147884634556
16/01/2021,1171.8600177046465
17/01/2021,1234.6318700828049
18/01/2021,1229.379698072007
19/01/2021,1255.976691513213
20/01/2021,1383.4840902277115
21/01/2021,1385.8529958752583
22/01/2021,1122.912432537305
23/01/2021,1236.6834427536564
24/01/2021,1231.176379704471
25/01/2021,1392.5397634449737
26/01/2021,1323.4295031020106
27/01/2021,1355.233724240999
28/01/2021,1253.141671558609
29/01/2021,1328.773619066556
30/01/2021,1380.2842591352105
31/01/2021,1372.427228964234
01/02/2021,1317.0474362291777
02/02/2021,1368.6644548123775
03/02/2021,1514.2251957516528
04/02/2021,1661.000824367477
05/02/2021,1587.8008991859367
06/02/2021,1724.8569083393102
07/02/2021,1683.941297865053
08/02/2021,1608.6405479857196
09/02/2021,1750.997553719215
10/02/2021,1769.053533934599
11/02/2021,1739.164209004836
12/02/2021,1782.5088691218523
13/02/2021,1841.1977507032907
14/02/2021,1810.8425457323726
15/02/2021,1804.9841464366498
16/02/2021,1775.758351701864
17/02/2021,1782.5753090505934
18/02/2021,1845.5739221567521
19/02/2021,1938.5694368074617
20/02/2021,1969.9797177628186
21/02/2021,1929.367692879665
22/02/2021,1941.4267676797988
23/02/2021,1788.6152102806425
24/02/2021,1563.9246059011416
25/02/2021,1628.391533792655
26/02/2021,1468.8601037286776
27/02/2021,1450.988746804119
28/02/2021,1480.1295768477528
01/03/2021,1416.661552837565
02/03/2021,1570.3996896340539
03/03/2021,1497.0891042633873
04/03/2021,1579.4271687603093
05/03/2021,1546.4996211167372
06/03/2021,1539.0484290947375
07/03/2021,1661.9279698998157
08/03/2021,1727.463096224567
09/03/2021,1837.5330305439452
10/03/2021,1869.3311016255
11/03/2021,1802.3110916881178
12/03/2021,1826.0574768119818
13/03/2021,1770.9361793697751
14/03/2021,1927.7207203999014
15/03/2021,1866.0715447008808
16/03/2021,1791.047851830107
17/03/2021,1808.5512173614395
18/03/2021,1828.7548332342565
19/03/2021,1780.1596459528505
20/03/2021,1817.1329628084297
21/03/2021,1817.8601431294944
22/03/2021,1790.3780747526928
23/03/2021,1686.8911971580417
24/03/2021,1673.8591835627929
25/03/2021,1581.631055931366
26/03/2021,1587.2979641585232
27/03/2021,1700.3668693581185
28/03/2021,1713.8378756834459
29/03/2021,1689.0367982059097
30/03/2021,1817.626388088868
31/03/2021,1840.294951985396
01/04/2021,1915.8325358462234
02/04/2021,1970.4711995232753
03/04/2021,2134.101788297294
04/04/2021,2016.6672472930366
05/04/2021,2077.755212422407
06/04/2021,2097.7963827792596
07/04/2021,2115.0554517461082
08/04/2021,1989.1480619041722
09/04/2021,2081.3540625398964
10/04/2021,2069.6677960855295
11/04/2021,2142.7960653929085
12/04/2021,2150.2651427927744
13/04/2021,2142.476275865736
14/04/2021,2304.3435163110134
15/04/2021,2429.6615277515734
16/04/2021,2514.1684155812304
17/04/2021,2424.5538447081194
18/04/2021,2345.266962776132
19/04/2021,2245.7607533508544
20/04/2021,2168.032726735651
21/04/2021,2324.2846872281943
22/04/2021,2373.501344298211
23/04/2021,2426.0711497906045
24/04/2021,2364.2312036020908
25/04/2021,2212.8437976342047
26/04/2021,2307.35532084471
27/04/2021,2532.3868028851084
28/04/2021,2647.158189660288
29/04/2021,2748.7845851218613
30/04/2021,2757.497552304977
01/05/2021,2776.70371169874
02/05/2021,2944.9169473185057
03/05/2021,2953.2973480804735
04/05/2021,3439.8550695192603
05/05/2021,3245.663148933579
06/05/2021,3524.562728476055
07/05/2021,3495.0758690360576
08/05/2021,3493.534500000208
09/05/2021,3912.7429165968124
10/05/2021,3932.754068170969
11/05/2021,3979.6086519212827
12/05/2021,4182.790285752286
13/05/2021,3906.108903329409
14/05/2021,3750.3415950592753
15/05/2021,4088.73170832043
16/05/2021,3659.9218442136184
17/05/2021,3602.0048969299023
18/05/2021,3288.2298872378637
19/05/2021,3399.0492796569383
20/05/2021,2505.014945945662
21/05/2021,2778.279660560299
22/05/2021,2419.1032171150196
23/05/2021,2306.371266867117
24/05/2021,2120.0373745099428
25/05/2021,2640.1596323488234
26/05/2021,2695.4778071496326
27/05/2021,2882.483407624011
28/05/2021,2742.990862697615
29/05/2021,2433.328865728611
30/05/2021,2294.626285512794
31/05/2021,2395.8532280027384
01/06/2021,2708.429865793973
02/06/2021,2632.6565998696506
03/06/2021,2717.1540367097723
04/06/2021,2858.27670209791
05/06/2021,2694.4976666790503
06/06/2021,2624.7689150594238
07/06/2021,2711.5479390111605
08/06/2021,2580.5355800598445
09/06/2021,2528.022300878691
10/06/2021,2620.6253893038547
11/06/2021,2486.600068788676
12/06/2021,2356.6347741896757
13/06/2021,2379.991747950219
14/06/2021,2517.771695525423
15/06/2021,2587.381610979154
16/06/2021,2561.1883309320033
17/06/2021,2365.872786190649
18/06/2021,2380.744519633922
19/06/2021,2231.554315497782
20/06/2021,2176.308536317709
21/06/2021,2251.5605593660407
22/06/2021,1900.1222998935382
23/06/2021,1875.3576944712033
24/06/2021,1971.1059779809414
25/06/2021,1990.0761511910587
26/06/2021,1833.4631609981645
27/06/2021,1817.047665540675
28/06/2021,1973.9268648383472
29/06/2021,2087.5187237874175
30/06/2021,2169.400067865984
01/07/2021,2279.354161419647
02/07/2021,2121.657900633364
03/07/2021,2157.880584866453
04/07/2021,2228.532398568573
05/07/2021,2329.004750998825
06/07/2021,2217.3018530598792
07/07/2021,2320.6549288317
08/07/2021,2317.23694270242
09/07/2021,2126.4424673902267
10/07/2021,2156.5809569525845
11/07/2021,2123.0585974934124
12/07/2021,2144.0142572722566
13/07/2021,2042.4991866143628
14/07/2021,1944.3950166372085
15/07/2021,1997.6633136705987
16/07/2021,1910.7269516309964
17/07/2021,1874.2002496808186
18/07/2021,1899.8427500663568
19/07/2021,1905.723382843169
20/07/2021,1824.929392091902
21/07/2021,1794.973425186835
22/07/2021,2003.7239214521073
23/07/2021,2027.5334479167045
24/07/2021,2117.154607794504
25/07/2021,2183.627414557696
26/07/2021,2209.4993601030114
27/07/2021,2230.212067673471
28/07/2021,2292.579636803809
29/07/2021,2299.689405936291
30/07/2021,2383.443259961735
31/07/2021,2462.3999826480103
01/08/2021,2541.674599365905
02/08/2021,2555.408178513038
03/08/2021,2611.6730699481845
04/08/2021,2521.268474889094
05/08/2021,2724.5322427136302
06/08/2021,2821.649692746136
07/08/2021,2888.7322742752317
08/08/2021,3151.2175169176753
09/08/2021,3012.3085592702105
10/08/2021,3163.0646551948857
11/08/2021,3147.842995401753
12/08/2021,3166.6472179679286
13/08/2021,3048.4126816864195
14/08/2021,3323.19799054098
15/08/2021,3268.5481770314927
16/08/2021,3309.7549104132368
17/08/2021,3153.583683763619
18/08/2021,3007.1440271712713
19/08/2021,3037.230251196439
20/08/2021,3144.8184367851927
21/08/2021,3276.9698366433354
22/08/2021,3224.0004601521537
23/08/2021,3243.4863583537394
24/08/2021,3320.4091697810586
25/08/2021,3177.6637963046905
26/08/2021,3231.4414517287996
27/08/2021,3122.971797237849
28/08/2021,3267.539434750998
29/08/2021,3245.430222387629
30/08/2021,3233.383151693551
31/08/2021,3232.7338632854617
01/09/2021,3440.5623358869034
02/09/2021,3790.6139962215557
03/09/2021,3793.3007433464186
04/09/2021,3936.1633916244464
05/09/2021,3894.937511605067
06/09/2021,3950.270344526561
07/09/2021,3943.256785301908
08/09/2021,3440.3417568365676
09/09/2021,3496.859022996073
10/09/2021,3435.97993265133
11/09/2021,3209.915696090501
12/09/2021,3268.1041621348804
13/09/2021,3417.839366766938
14/09/2021,3301.186776828727
15/09/2021,3425.2508733748823
16/09/2021,3595.9625714292315
17/09/2021,3573.3075160249905
18/09/2021,3412.177182421673
19/09/2021,3427.58426153173
20/09/2021,3335.884886514119
21/09/2021,2977.3226793404747
22/09/2021,2744.1109995297
23/09/2021,3074.119761245824
24/09/2021,3159.269865581771
25/09/2021,2930.7427060738946
26/09/2021,2946.9708461401983
27/09/2021,3063.31634471348
28/09/2021,2939.742282853775
29/09/2021,2798.9844172601042
30/09/2021,2855.6117305265157
01/10/2021,3013.4932320320772
02/10/2021,3305.107041443724
03/10/2021,3393.9242492696653
04/10/2021,3426.387080851377
05/10/2021,3390.310407759615
06/10/2021,3520.3422566393974
07/10/2021,3592.1761295000256
08/10/2021,3594.918357967647
09/10/2021,3558.549577083409
10/10/2021,3588.0809215501645
11/10/2021,3431.0193069150096
12/10/2021,3537.840087124068
13/10/2021,3498.1052921206597
14/10/2021,3605.6503342981764
15/10/2021,3794.516888224821
16/10/2021,3885.641764529699
17/10/2021,3854.498461449342
18/10/2021,3854.223686940845
19/10/2021,3752.61872738495
20/10/2021,3884.5872952429017
21/10/2021,4170.107932886265
22/10/2021,4074.8601575202883
23/10/2021,3990.711976433473
24/10/2021,4179.44229816945
25/10/2021,4094.9389934187225
26/10/2021,4230.208371594039
27/10/2021,4152.570288731245
28/10/2021,3944.090861781322
29/10/2021,4288.09721878663
30/10/2021,4422.940535593754
31/10/2021,4324.6099257118785
01/11/2021,4292.04047236198
02/11/2021,4330.553151595248
03/11/2021,4596.59309058429
04/11/2021,4607.699273078144
05/11/2021,4550.014435142697
06/11/2021,4494.80276090967
07/11/2021,4527.104154150622
08/11/2021,4626.6292884486975
09/11/2021,4815.004634322234
10/11/2021,4742.08091060724
11/11/2021,4641.528764849704
12/11/2021,4732.9244503493555
13/11/2021,4685.10635551733
14/11/2021,4666.498498194288
15/11/2021,4652.947394238871
16/11/2021,4583.211418759011
17/11/2021,4243.352906802173
18/11/2021,4302.804958962834
19/11/2021,3993.846595161859
20/11/2021,4317.603195646166
21/11/2021,4436.192766930451
22/11/2021,4319.361566856902
23/11/2021,4101.062876490145
24/11/2021,4355.420957796475
25/11/2021,4269.437219728043
26/11/2021,4515.843300142739
27/11/2021,4048.3128440761725
28/11/2021,4084.0884856959556
29/11/2021,4290.091862536401
30/11/2021,4444.528279821561
01/12/2021,4637.121616831405
02/12/2021,4589.610617539151
03/12/2021,4519.441028028784
04/12/2021,4240.155516808957
05/12/2021,4101.656791810778
06/12/2021,4198.572874562462
07/12/2021,4347.615630598069
08/12/2021,4310.566646424531
09/12/2021,4431.540647139759
10/12/2021,4153.333310724186
11/12/2021,3918.200743402953
12/12/2021,4079.814930569866
13/12/2021,4135.841510137412
14/12/2021,3782.8952622347147
15/12/2021,3858.1644681806974
16/12/2021,4015.72254331389
17/12/2021,3971.5597663421136
18/12/2021,3886.7473617182886
19/12/2021,3966.4253516705508
20/12/2021,3928.8417238716206
21/12/2021,3950.4823919860964
22/12/2021,4036.549717813428
23/12/2021,3992.5945766373156
24/12/2021,4113.529931874606
25/12/2021,4055.1173669313243
26/12/2021,4110.571870853741
27/12/2021,4075.03161894955
28/12/2021,4045.051350119327
29/12/2021,3807.3603674991996
30/12/2021,3644.405516878227
31/12/2021,3714.945456115339
01/01/2022,3686.4025423019352
02/01/2022,3780.315874327848
03/01/2022,3835.3959914939574
04/01/2022,3769.4049401148714
05/01/2022,3794.908130100449
06/01/2022,3556.9062274078738
07/01/2022,3416.8260086159135
08/01/2022,3201.79457434796
09/01/2022,3101.0409016141402
10/01/2022,3156.967262159481
11/01/2022,3086.7290024387257
12/01/2022,3246.413723028553
13/01/2022,3378.0358951715943
14/01/2022,3256.7588661330324
15/01/2022,3311.986061274383
16/01/2022,3331.246655159985
17/01/2022,3356.2954438590405
18/01/2022,3216.592980619574
19/01/2022,3166.4539115046164
20/01/2022,3097.0214660626802
21/01/2022,3015.588777543836
22/01/2022,2564.3433423740635
23/01/2022,2407.377851608285
24/01/2022,2537.836727861043
25/01/2022,2447.831512095295
26/01/2022,2465.21922984942
27/01/2022,2470.4304120157067
28/01/2022,2411.863855325421
29/01/2022,2551.1110735194716
30/01/2022,2603.603872339056
31/01/2022,2610.1824055910874
01/02/2022,2689.2208672204492
02/02/2022,2797.434855273681
03/02/2022,2690.319739476765
04/02/2022,2667.256728215686
05/02/2022,2993.0994395135976
06/02/2022,3018.6733981571506
07/02/2022,3062.8058084507857
08/02/2022,3149.953285509783
09/02/2022,3127.438106740214
10/02/2022,3240.9210444877285
11/02/2022,3081.911501840844
12/02/2022,2930.5631692063735
13/02/2022,2918.0853674291184
14/02/2022,2889.235678281073
15/02/2022,2935.6454998606846
16/02/2022,3179.3002065350443
17/02/2022,3128.640780542462
18/02/2022,2881.613122162859
19/02/2022,2792.3038477186237
20/02/2022,2768.9716520348597
21/02/2022,2632.49139911745
22/02/2022,2574.513383778016
23/02/2022,2644.153655546016
24/02/2022,2594.700959110155
25/02/2022,2599.9335696870216
26/02/2022,2771.890509646429
27/02/2022,2785.3389569017427
28/02/2022,2629.48312082149
01/03/2022,2919.294962425658
02/03/2022,2977.276039756805
03/03/2022,2953.315776286441
04/03/2022,2836.9063366005576
05/03/2022,2619.356137634489
06/03/2022,2668.70597865687
07/03/2022,2558.359874049847
08/03/2022,2498.658864965217
09/03/2022,2576.6271539947625
10/03/2022,2731.037685293996
11/03/2022,2611.4647225047097
12/03/2022,2562.8323535359655
13/03/2022,2579.4581356883637
14/03/2022,2518.492845270615
15/03/2022,2591.5420409591425
16/03/2022,2620.363852420936
17/03/2022,2771.759457292368
18/03/2022,2817.401074966818
19/03/2022,2945.7459101862714
20/03/2022,2947.226158224087
21/03/2022,2860.641960901919
22/03/2022,2896.5869324317464
23/03/2022,2969.78498365825
24/03/2022,3028.8352577107285
25/03/2022,3106.657023584939
26/03/2022,3106.072054158695
27/03/2022,3140.8757105064406
28/03/2022,3285.1730967305425
29/03/2022,3328.9341246867148
30/03/2022,3401.184431040135
31/03/2022,3383.7887617814154
01/04/2022,3283.3028425717257
02/04/2022,3451.1960908672754
03/04/2022,3440.3362384891684
04/04/2022,3521.5847247785246
05/04/2022,3520.9671175043636
06/04/2022,3422.9698837547116
07/04/2022,3171.371104498954
08/04/2022,3232.834988999582
09/04/2022,3192.0250912893603
10/04/2022,3265.938067729151
11/04/2022,3219.159553453764
12/04/2022,2992.7021064252435
13/04/2022,3038.209421996366
14/04/2022,3121.399823462041
15/04/2022,3023.417211885316
16/04/2022,3045.42807480128
17/04/2022,3066.3580141449797
18/04/2022,2995.719421019825
19/04/2022,3061.8905711469047
20/04/2022,3104.688447526111
21/04/2022,3079.6764776018495
22/04/2022,2987.4888760341605
23/04/2022,2967.085285238213
24/04/2022,2940.6879777714407
25/04/2022,2922.901865199808
26/04/2022,3008.3363470853
27/04/2022,2806.748835957046
28/04/2022,2889.5922230230817
29/04/2022,2932.455083612903
30/04/2022,2817.4898821916195
01/05/2022,2738.1741359527714
02/05/2022,2832.513106895354
03/05/2022,2861.3723755560436
04/05/2022,2786.0472478011084
05/05/2022,2942.052313122658
06/05/2022,2753.936566546688
07/05/2022,2699.7072470893745
08/05/2022,2641.229106940243
09/05/2022,2517.8299224886478
10/05/2022,2249.8909622207443
11/05/2022,2344.797715643986
12/05/2022,2080.910243657776
13/05/2022,1966.6991711336661
14/05/2022,2010.214051125259
15/05/2022,2064.229357512243
16/05/2022,2147.047447880575
17/05/2022,2025.8886983912162
18/05/2022,2095.178884796724
19/05/2022,1915.1771232664505
20/05/2022,2023.8482593608173
21/05/2022,1963.9909395294865
22/05/2022,1978.1471325624789
23/05/2022,2046.6463496545232
24/05/2022,1974.5811944790914
25/05/2022,1979.770545006472
26/05/2022,1944.8428445072448
27/05/2022,1807.9694742881136
28/05/2022,1724.8757340323443
29/05/2022,1798.6948545788846
30/05/2022,1814.9831598025937
31/05/2022,1995.9364841552344
01/06/2022,1944.078766836179
02/06/2022,1828.8926546074292
03/06/2022,1833.089840845753
04/06/2022,1776.979907458187
05/06/2022,1804.2616695112486
06/06/2022,1805.3313949894373
07/06/2022,1860.1813068416047
08/06/2022,1818.3877119829308
09/06/2022,1794.539625671828
10/06/2022,1788.4182866616045
11/06/2022,1663.844367412088
12/06/2022,1530.0386174317211
13/06/2022,1454.6867601728409
14/06/2022,1205.5952855404787
15/06/2022,1214.8662649132034
16/06/2022,1230.3643353556051
17/06/2022,1068.6035748646073
18/06/2022,1087.8139244584365
19/06/2022,995.2525692707909
20/06/2022,1125.7540917942745
21/06/2022,1132.0543935828048
22/06/2022,1124.5613920165545
23/06/2022,1051.0740681589236
24/06/2022,1144.4807534808065
25/06/2022,1229.3040854466553
26/06/2022,1244.2862044953927
27/06/2022,1201.237790641909
28/06/2022,1194.2245084746116
29/06/2022,1143.5335357209958
30/06/2022,1098.9055176105344
01/07/2022,1057.6309990608017
02/07/2022,1068.8194401301964
03/07/2022,1068.5415025999594
04/07/2022,1074.6073175787587
05/07/2022,1153.3483147880897
06/07/2022,1134.017069659217
07/07/2022,1188.72564292538
08/07/2022,1240.3784056617153
09/07/2022,1233.5146792602989
10/07/2022,1216.8497068484603
11/07/2022,1169.012707661018
12/07/2022,1097.4494380477286
13/07/2022,1040.7971455029597
14/07/2022,1112.9207827012565
15/07/2022,1191.1308371103116
16/07/2022,1234.0991389763224
17/07/2022,1355.04564021949
18/07/2022,1344.7202840019017
19/07/2022,1570.6589588642053
20/07/2022,1542.6298214332235
21/07/2022,1527.4139307593093
22/07/2022,1576.8252394976823
23/07/2022,1536.124922238913
24/07/2022,1552.4964891908746
25/07/2022,1601.2079670127046
26/07/2022,1450.4822852139405
27/07/2022,1438.9880382230651
28/07/2022,1636.9491814677851
29/07/2022,1723.5485206790597
30/07/2022,1739.0421771356112
31/07/2022,1696.7850982136515
01/08/2022,1682.011373614746
02/08/2022,1636.0185563573557
03/08/2022,1638.3786826572205
04/08/2022,1621.3413236364065
05/08/2022,1612.4189067269824
06/08/2022,1725.3826270211505
07/08/2022,1693.2965918360276
08/08/2022,1699.0064178886953
09/08/2022,1775.7013555270828
10/08/2022,1698.9661290126492
11/08/2022,1852.8785552656473
12/08/2022,1881.4274054352998
13/08/2022,1959.3309247187408
14/08/2022,1982.4118280514233
15/08/2022,1936.7011636052605
16/08/2022,1908.2776419059185
17/08/2022,1880.6001012594395
18/08/2022,1834.8264526426372
19/08/2022,1850.1112910473696
20/08/2022,1618.5325042633535
21/08/2022,1579.4157230953704
22/08/2022,1624.149982884847
23/08/2022,1622.30703457785
24/08/2022,1665.7919073919315
25/08/2022,1657.7936424663385
26/08/2022,1697.0769719636442
27/08/2022,1510.1891114840514
28/08/2022,1496.0554659420902
29/08/2022,1438.7470503278116
30/08/2022,1555.1774560415913
31/08/2022,1525.400116232047
01/09/2022,1552.5629662281337
02/09/2022,1588.9803510869067
03/09/2022,1575.1766307276075
04/09/2022,1555.6740772078124
05/09/2022,1578.9493013433012
06/09/2022,1617.9354554854337
07/09/2022,1564.5589540302462
08/09/2022,1629.8832311636493
09/09/2022,1635.9321760130483
10/09/2022,1717.0769569840472
11/09/2022,1779.5190288833046
12/09/2022,1761.317355880691
13/09/2022,1710.1642908515214
14/09/2022,1573.2052136951713
15/09/2022,1635.3682061921256
16/09/2022,1471.999592516298
17/09/2022,1432.215807478607
18/09/2022,1471.2039553630448
19/09/2022,1335.8525523850524
20/09/2022,1379.920704526258
21/09/2022,1324.1905646155858
22/09/2022,1252.7745621685783
23/09/2022,1330.7927929218301
24/09/2022,1329.558806730321
25/09/2022,1318.099347021849
26/09/2022,1294.0750952797787
27/09/2022,1335.1212051991713
28/09/2022,1331.1501769338627
29/09/2022,1340.0230594816517
30/09/2022,1335.7389706335669
01/10/2022,1329.1460320707963
02/10/2022,1311.2633244162857
03/10/2022,1277.901345279672
04/10/2022,1323.5040179722914
05/10/2022,1363.2371821945037
06/10/2022,1352.5865243024869
07/10/2022,1351.4273691979538
08/10/2022,1324.8947380290601
09/10/2022,1315.857799905668
10/10/2022,1322.2697552193713
11/10/2022,1291.0816596695552
12/10/2022,1279.8833075472612
13/10/2022,1294.2710513882173
14/10/2022,1288.1640147020812
15/10/2022,1297.6276053223842
16/10/2022,1275.6937773947975
16/10/2022,1284.444192216213
